<?xml version="1.0" encoding="UTF-8"?>
<!DOCTYPE hibernate-configuration
 PUBLIC "-//Hibernate/Hibernate Configuration DTD 3.0//EN"
 "http://hibernate.sourceforge.net/hibernate-configuration-3.0.dtd">
 <hibernate-configuration>
 <session-factory>
 	<property name="hibernate.dialect">
 	org.hibernate.dialect.Oracle10gDialect
 	</property>
 	<property name="hibernate.connection.driver_class">
 	oracle.jdbc.OracleDriver
 	</property>
 	
 	<property name="hibernate.connection.url">
 	jdbc:oracle:thin:@localhost:1521:xe
 	</property>
 	<property name="hibernate.connection.username">
 	system
 	</property>
 	<property name="hibernate.connection.password">
 	roshani
 	</property>
 	<property name="hibernate.show_sql">true</property>
 	<property name="hibernate.hbm2ddl.auto">update</property>
 	<mapping class="com.wipro.bean.CarOwner" />
 	<mapping class="com.wipro.bean.CarDetail" />
 	
 </session-factory>
 
 </hibernate-configuration>