<?xml version="1.0" encoding="UTF-8"?>

<beans xmlns="http://www.springframework.org/schema/beans"  
    xmlns:xsi="http://www.w3.org/2001/XMLSchema-instance"   
    xmlns:context="http://www.springframework.org/schema/context"  
    xmlns:mvc="http://www.springframework.org/schema/mvc"  
    xsi:schemaLocation="  
        http://www.springframework.org/schema/beans  
        http://www.springframework.org/schema/beans/spring-beans.xsd  
        http://www.springframework.org/schema/context  
        http://www.springframework.org/schema/context/spring-context.xsd  
        http://www.springframework.org/schema/mvc  
        http://www.springframework.org/schema/mvc/spring-mvc.xsd">  
        
<context:component-scan base-package="com.wipro.controller"></context:component-scan>
<bean class="org.springframework.web.servlet.view.InternalResourceViewResolver">
<property name="prefix" value="/WEB-INF/jsp/"></property>    
<property name="suffix" value=".jsp"></property>    
</bean>    
    
<bean id="ds" class="org.springframework.jdbc.datasource.DriverManagerDataSource">    
<property name="driverClassName" value="oracle.jdbc.driver.OracleDriver"></property>
<property name="url" value="jdbc:oracle:thin:@localhost:1521:XE"></property>
<property name="username" value="system"></property>    
<property name="password" value="admin"></property>    
</bean>    
    
<bean id="jt" class="org.springframework.jdbc.core.JdbcTemplate">    
<property name="dataSource" ref="ds"></property>    
</bean>    
    
<bean id="dao" class="com.wipro.dao.CustomerDao">    
<property name="template" ref="jt"></property>    
</bean>       
</beans>  