<?xml version="1.0" encoding="UTF-8"?>

<!DOCTYPE hibernate-mapping 
PUBLIC "-//Hibernate/Hibernate Mapping DTD 3.0//EN"
"http://hibernate.sourceforge.net/hibernate-mapping-3.0.dtd">
<hibernate-mapping>
<class name="com.wipro.bean.Continent" table="Continents" >
 <meta attribute="class-description">
 This class represent Continent type object.
 </meta>
 <id name="id" column="id" type="int">
 <generator class="assigned"></generator>
 </id>
 <property name="cname" column="cname" type="string"></property>
 
 
	<map name="countries" table="Countries" cascade="all">  
	<key column="cid"></key>  
	<index column="Country" type="string"></index>  
	<element column="Capital" type="string"></element>  
	</map>  


</class>

</hibernate-mapping>